example_id,vignette_name,problem_type,intersection_size,response_type,has_statistics,variant,prompt,well_posed,normative,p_c_and_d_given_a,p_c,p_d,p_t_given_c,p_t_given_d,normative_choice,normative_percent,normative_open,confidence_required,numeric_score_percent,numeric_score_choice,scepticism_required,scepticism_score_target,option_a_label,option_b_label,option_c_label,option_d_label,option_e_label,option_a_lure,option_b_lure,option_c_lure,option_d_lure,option_e_lure,option_f_label,option_g_label,option_h_label,option_f_lure,option_g_lure,option_h_lure
discharged_weapon_last_year__open_probs,discharged weapon (last year),well_posed,0,open,true,open_probs,"You are a statistical consultant. Your task is to estimate a conditional probability from the information below.

Among employed police officers and security guards in the United States, 30% are urban police officers and 13% are rural/small-jurisdiction police officers.
Among urban police officers, 0.3% discharged a weapon in the last year; among rural/small-jurisdiction police officers, 0.2% discharged a weapon in the last year.

Given that a police officer discharged a weapon in the last year, what is the probability they were urban police officers?

Reply with a percentage (for example, 16% or 16 percent).",true,well_posed,0,0.2992,0.132,0.003,0.002,,77.27,77%,false,,,false,77.27,,,,,,,,,,,,,,,,
discharged_weapon_last_year__mc_numeric_probs,discharged weapon (last year),well_posed,0,mc,true,mc_numeric_probs,"You are a statistical consultant. Your task is to estimate a conditional probability from the information below.

Among employed police officers and security guards in the United States, 30% are urban police officers and 13% are rural/small-jurisdiction police officers.
Among urban police officers, 0.3% discharged a weapon in the last year; among rural/small-jurisdiction police officers, 0.2% discharged a weapon in the last year.

Given that a police officer discharged a weapon in the last year, what is the probability they were urban police officers?

A. About 77%
B. About 0%
C. About 13%
D. About 30%

Which answer is closest? Reply with only the letter (A, B, C, or D).",true,well_posed,0,0.2992,0.132,0.003,0.002,A,77.27,77%,false,77.27,A,false,n/a,About 77%,About 0%,About 13%,About 30%,,Bayes P(C|T),P(T|D) confusion,P(D) confusion,P(C) confusion,,,,,,,
ca_trump_voter__open_probs,CA Trump voter,well_posed,0,open,true,open_probs,"You are a statistical consultant. Your task is to estimate a conditional probability from the information below.

Among US registered voters, 4.9% are other California registrants and 7.8% are southern California registrants.
Among other California registrants, 31% voted for Donald Trump in the 2024 presidential election; among southern California registrants, 27% voted for Donald Trump in the 2024 presidential election.

Given that a registered voter in California voted for Donald Trump in the 2024 presidential election, what is the probability they were other California registrants?

Reply with a percentage (for example, 16% or 16 percent).",true,well_posed,0,0.0494,0.078,0.31,0.27,,42.1,42%,false,,,false,42.1,,,,,,,,,,,,,,,,
ca_trump_voter__mc_numeric_probs,CA Trump voter,well_posed,0,mc,true,mc_numeric_probs,"You are a statistical consultant. Your task is to estimate a conditional probability from the information below.

Among US registered voters, 4.9% are other California registrants and 7.8% are southern California registrants.
Among other California registrants, 31% voted for Donald Trump in the 2024 presidential election; among southern California registrants, 27% voted for Donald Trump in the 2024 presidential election.

Given that a registered voter in California voted for Donald Trump in the 2024 presidential election, what is the probability they were other California registrants?

A. About 42%
B. About 8%
C. About 31%
D. About 27%
E. About 5%

Which answer is closest? Reply with only the letter (A, B, C, D, or E).",true,well_posed,0,0.0494,0.078,0.31,0.27,A,42.1,42%,false,42.1,A,false,n/a,About 42%,About 8%,About 31%,About 27%,About 5%,Bayes P(C|T),P(T|C)*P(T|D) confusion,P(T|C) confusion,P(T|D) confusion,P(C) confusion,,,,,,
healthcare_employment__open_probs,healthcare employment,well_posed,0,open,true,open_probs,"You are a statistical consultant. Your task is to estimate a conditional probability from the information below.

Among US employed adults, 1.1% are physician (MD/DO) among health care professionals and 9.9% are non-physician health care professional among A (nurses, PAs, pharmacists, therapists, etc.)s.
Among physician (MD/DO) among health care professionals, 54% work in a hospital; among non-physician health care professional among A (nurses, PAs, pharmacists, therapists, etc.)s, 60% work in a hospital.

Given that a health care professional works in a hospital, what is the probability they were physician (MD/DO) among health care professionals?

Reply with a percentage (for example, 16% or 16 percent).",true,well_posed,0,0.011,0.099,0.54,0.6,,9.091,9.1%,false,,,false,9.091,,,,,,,,,,,,,,,,
healthcare_employment__mc_numeric_probs,healthcare employment,well_posed,0,mc,true,mc_numeric_probs,"You are a statistical consultant. Your task is to estimate a conditional probability from the information below.

Among US employed adults, 1.1% are physician (MD/DO) among health care professionals and 9.9% are non-physician health care professional among A (nurses, PAs, pharmacists, therapists, etc.)s.
Among physician (MD/DO) among health care professionals, 54% work in a hospital; among non-physician health care professional among A (nurses, PAs, pharmacists, therapists, etc.)s, 60% work in a hospital.

Given that a health care professional works in a hospital, what is the probability they were physician (MD/DO) among health care professionals?

A. About 9%
B. About 10%
C. About 32%
D. About 60%
E. About 54%

Which answer is closest? Reply with only the letter (A, B, C, D, or E).",true,well_posed,0,0.011,0.099,0.54,0.6,A,9.091,9.1%,false,9.091,A,false,n/a,About 9%,About 10%,About 32%,About 60%,About 54%,Bayes P(C|T),P(D) confusion,P(T|C)*P(T|D) confusion,P(T|D) confusion,P(T|C) confusion,,,,,,
military_overseas_federal_pool__open_probs,military overseas (federal pool),well_posed,0,open,true,open_probs,"You are a statistical consultant. Your task is to estimate a conditional probability from the information below.

Among US active-duty military plus US federal civilian employees, 14% are uS Army active-duty service members and 20% are uS Navy or US Air Force active-duty service member (Space Force grouped with Air Force; Marine Corps and Coast Guard unassigned in C/D split)s.
Among uS Army active-duty service members, 58% have worked overseas; among uS Navy or US Air Force active-duty service member (Space Force grouped with Air Force; Marine Corps and Coast Guard unassigned in C/D split)s, 64% have worked overseas.

Given that an active-duty US military service member has worked overseas, what is the probability they were uS Army active-duty service members?

Reply with a percentage (for example, 16% or 16 percent).",true,well_posed,0,0.14,0.204,0.58,0.64,,38.35,38%,false,,,false,38.35,,,,,,,,,,,,,,,,
military_overseas_federal_pool__mc_numeric_probs,military overseas (federal pool),well_posed,0,mc,true,mc_numeric_probs,"You are a statistical consultant. Your task is to estimate a conditional probability from the information below.

Among US active-duty military plus US federal civilian employees, 14% are uS Army active-duty service members and 20% are uS Navy or US Air Force active-duty service member (Space Force grouped with Air Force; Marine Corps and Coast Guard unassigned in C/D split)s.
Among uS Army active-duty service members, 58% have worked overseas; among uS Navy or US Air Force active-duty service member (Space Force grouped with Air Force; Marine Corps and Coast Guard unassigned in C/D split)s, 64% have worked overseas.

Given that an active-duty US military service member has worked overseas, what is the probability they were uS Army active-duty service members?

A. About 38%
B. About 37%
C. About 58%
D. About 64%
E. About 20%

Which answer is closest? Reply with only the letter (A, B, C, D, or E).",true,well_posed,0,0.14,0.204,0.58,0.64,A,38.35,38%,false,38.35,A,false,n/a,About 38%,About 37%,About 58%,About 64%,About 20%,Bayes P(C|T),P(T|C)*P(T|D) confusion,P(T|C) confusion,P(T|D) confusion,P(D) confusion,,,,,,
covid_vaccine_blue_red__open_probs,covid vaccine (blue/red),well_posed,0,open,true,open_probs,"You are a statistical consultant. Your task is to estimate a conditional probability from the information below.

Among US adults 18 years and older, 19% are blue-state resident among As and 7.8% are red-state resident among As.
Among blue-state resident among As, 8% had COVID-19 in the past 12 months; among red-state resident among As, 10% had COVID-19 in the past 12 months.

Given that someone vaccinated for 2024-25 COVID had COVID-19 in the past 12 months, what is the probability they were blue-state resident among As?

Reply with a percentage (for example, 16% or 16 percent).",true,well_posed,0,0.1917,0.0783,0.08,0.1,,66.2,66%,false,,,false,66.2,,,,,,,,,,,,,,,,
covid_vaccine_blue_red__mc_numeric_probs,covid vaccine (blue/red),well_posed,0,mc,true,mc_numeric_probs,"You are a statistical consultant. Your task is to estimate a conditional probability from the information below.

Among US adults 18 years and older, 19% are blue-state resident among As and 7.8% are red-state resident among As.
Among blue-state resident among As, 8% had COVID-19 in the past 12 months; among red-state resident among As, 10% had COVID-19 in the past 12 months.

Given that someone vaccinated for 2024-25 COVID had COVID-19 in the past 12 months, what is the probability they were blue-state resident among As?

A. About 66%
B. About 1%
C. About 8%
D. About 10%
E. About 19%

Which answer is closest? Reply with only the letter (A, B, C, D, or E).",true,well_posed,0,0.1917,0.0783,0.08,0.1,A,66.2,66%,false,66.2,A,false,n/a,About 66%,About 1%,About 8%,About 10%,About 19%,Bayes P(C|T),P(T|C)*P(T|D) confusion,P(T|C) confusion,P(T|D) confusion,P(C) confusion,,,,,,
diabetes_insulin_obese__open_probs,diabetes insulin obese,well_posed,0,open,true,open_probs,"You are a statistical consultant. Your task is to estimate a conditional probability from the information below.

Among US adults 18 years and older, 3.2% are uses insulin among adults with diagnosed diabetes (includes type 1 and insulin-treated type 2)s and 5.3% are has obesity among adults with diagnosed diabetes (BMI >= 30 kg/m2; measured BMI in NHANES clinical exam)s.
Among uses insulin among adults with diagnosed diabetes (includes type 1 and insulin-treated type 2)s, 20% had hemoglobin A1c above 9.0%; among has obesity among adults with diagnosed diabetes (BMI >= 30 kg/m2; measured BMI in NHANES clinical exam)s, 16% had hemoglobin A1c above 9.0%.

Given that an adult with diagnosed diabetes had hemoglobin A1c above 9.0%, what is the probability they were uses insulin among adults with diagnosed diabetes (includes type 1 and insulin-treated type 2)s?

Reply with a percentage (for example, 16% or 16 percent).",true,well_posed,0,0.031866,0.053223,0.2,0.16,,42.81,43%,false,,,false,42.81,,,,,,,,,,,,,,,,
diabetes_insulin_obese__mc_numeric_probs,diabetes insulin obese,well_posed,0,mc,true,mc_numeric_probs,"You are a statistical consultant. Your task is to estimate a conditional probability from the information below.

Among US adults 18 years and older, 3.2% are uses insulin among adults with diagnosed diabetes (includes type 1 and insulin-treated type 2)s and 5.3% are has obesity among adults with diagnosed diabetes (BMI >= 30 kg/m2; measured BMI in NHANES clinical exam)s.
Among uses insulin among adults with diagnosed diabetes (includes type 1 and insulin-treated type 2)s, 20% had hemoglobin A1c above 9.0%; among has obesity among adults with diagnosed diabetes (BMI >= 30 kg/m2; measured BMI in NHANES clinical exam)s, 16% had hemoglobin A1c above 9.0%.

Given that an adult with diagnosed diabetes had hemoglobin A1c above 9.0%, what is the probability they were uses insulin among adults with diagnosed diabetes (includes type 1 and insulin-treated type 2)s?

A. About 43%
B. About 5%
C. About 16%
D. About 20%
E. About 3%

Which answer is closest? Reply with only the letter (A, B, C, D, or E).",true,well_posed,0,0.031866,0.053223,0.2,0.16,A,42.81,43%,false,42.81,A,false,n/a,About 43%,About 5%,About 16%,About 20%,About 3%,Bayes P(C|T),P(D) confusion,P(T|D) confusion,P(T|C) confusion,P(T|C)*P(T|D) confusion,,,,,,
college_stem_work__open_probs,college STEM work,well_posed,0,open,true,open_probs,"You are a statistical consultant. Your task is to estimate a conditional probability from the information below.

Among undergraduate students enrolled at US postsecondary institutions (NPSAS:20 universe), 4.6% are sTEM field of study among first-generation students (NCES broad STEM CIP grouping)s and 17% are employed while enrolled among first-generation students (paid job internship or work-study while taking classes; NPSASs.
Among sTEM field of study among first-generation students (NCES broad STEM CIP grouping)s, 85% returned for a second year; among employed while enrolled among first-generation students (paid job internship or work-study while taking classes; NPSASs, 74% returned for a second year.

Given that a first-generation student returned for a second year, what is the probability they were sTEM field of study among first-generation students (NCES broad STEM CIP grouping)s?

Reply with a percentage (for example, 16% or 16 percent).",true,well_posed,0,0.04644,0.17028,0.85,0.74,,23.85,24%,false,,,false,23.85,,,,,,,,,,,,,,,,
college_stem_work__mc_numeric_probs,college STEM work,well_posed,0,mc,true,mc_numeric_probs,"You are a statistical consultant. Your task is to estimate a conditional probability from the information below.

Among undergraduate students enrolled at US postsecondary institutions (NPSAS:20 universe), 4.6% are sTEM field of study among first-generation students (NCES broad STEM CIP grouping)s and 17% are employed while enrolled among first-generation students (paid job internship or work-study while taking classes; NPSASs.
Among sTEM field of study among first-generation students (NCES broad STEM CIP grouping)s, 85% returned for a second year; among employed while enrolled among first-generation students (paid job internship or work-study while taking classes; NPSASs, 74% returned for a second year.

Given that a first-generation student returned for a second year, what is the probability they were sTEM field of study among first-generation students (NCES broad STEM CIP grouping)s?

A. About 24%
B. About 63%
C. About 74%
D. About 17%
E. About 85%

Which answer is closest? Reply with only the letter (A, B, C, D, or E).",true,well_posed,0,0.04644,0.17028,0.85,0.74,A,23.85,24%,false,23.85,A,false,n/a,About 24%,About 63%,About 74%,About 17%,About 85%,Bayes P(C|T),P(T|C)*P(T|D) confusion,P(T|D) confusion,P(D) confusion,P(T|C) confusion,,,,,,
actor_waiter_overlap__open_probs,actor waiter overlap,well_posed,0,open,true,open_probs,"You are a statistical consultant. Your task is to estimate a conditional probability from the information below.

Among US labor force (CPS; employed and unemployed job-seekers; ~166.4 million in 2024 per NEA Indicator A.5), 0.00% are also holds a waiter/waitress occupation in the same reference week (SOC 35-3031; includes primary waiter with secondary actor and primary actor with secondary waiter)s and 0.01% are actor occupation is the secondary job (primary occupation is something else; ~30% of actor job slots per NEA Artists Statistical Portrait 2017 Table 1)s.
Among also holds a waiter/waitress occupation in the same reference week (SOC 35-3031; includes primary waiter with secondary actor and primary actor with secondary waiter)s, 65% worked part-time at their primary job in the reference week; among actor occupation is the secondary job (primary occupation is something else; ~30% of actor job slots per NEA Artists Statistical Portrait 2017 Table 1)s, 55% worked part-time at their primary job in the reference week.

Given that an actor worked part-time at their primary job in the reference week, what is the probability they were also holds a waiter/waitress occupation in the same reference week (SOC 35-3031; includes primary waiter with secondary actor and primary actor with secondary waiter)s?

Reply with a percentage (for example, 16% or 16 percent).",true,well_posed,0,1.19e-05,0.00010132,0.65,0.55,,12.19,12%,false,,,false,12.19,,,,,,,,,,,,,,,,
actor_waiter_overlap__mc_numeric_probs,actor waiter overlap,well_posed,0,mc,true,mc_numeric_probs,"You are a statistical consultant. Your task is to estimate a conditional probability from the information below.

Among US labor force (CPS; employed and unemployed job-seekers; ~166.4 million in 2024 per NEA Indicator A.5), 0.00% are also holds a waiter/waitress occupation in the same reference week (SOC 35-3031; includes primary waiter with secondary actor and primary actor with secondary waiter)s and 0.01% are actor occupation is the secondary job (primary occupation is something else; ~30% of actor job slots per NEA Artists Statistical Portrait 2017 Table 1)s.
Among also holds a waiter/waitress occupation in the same reference week (SOC 35-3031; includes primary waiter with secondary actor and primary actor with secondary waiter)s, 65% worked part-time at their primary job in the reference week; among actor occupation is the secondary job (primary occupation is something else; ~30% of actor job slots per NEA Artists Statistical Portrait 2017 Table 1)s, 55% worked part-time at their primary job in the reference week.

Given that an actor worked part-time at their primary job in the reference week, what is the probability they were also holds a waiter/waitress occupation in the same reference week (SOC 35-3031; includes primary waiter with secondary actor and primary actor with secondary waiter)s?

A. About 12%
B. About 55%
C. About 36%
D. About 0%
E. About 65%

Which answer is closest? Reply with only the letter (A, B, C, D, or E).",true,well_posed,0,1.19e-05,0.00010132,0.65,0.55,A,12.19,12%,false,12.19,A,false,n/a,About 12%,About 55%,About 36%,About 0%,About 65%,Bayes P(C|T),P(T|D) confusion,P(T|C)*P(T|D) confusion,P(D) confusion,P(T|C) confusion,,,,,,
professional_drivers_speeding__open_probs,professional drivers speeding,well_posed,0,open,true,open_probs,"You are a statistical consultant. Your task is to estimate a conditional probability from the information below.

Among employed adults in the United States (BLS OES May 2023 occupational employment universe; ~161M employed), 1.3% are heavy and tractor-trailer truck driver among professional drivers (SOC 53-3032; requires CDL; GVWR > 26000 lb)s and 0.3% are bus driver among professional drivers (SOC 53-3051 school plus 53-3052 transit/intercity bus; excludes shuttle chauffeur and taxi)s.
Among heavy and tractor-trailer truck driver among professional drivers (SOC 53-3032; requires CDL; GVWR > 26000 lb)s, 16% received a speeding ticket in the last 12 months; among bus driver among professional drivers (SOC 53-3051 school plus 53-3052 transit/intercity bus; excludes shuttle chauffeur and taxi)s, 10% received a speeding ticket in the last 12 months.

Given that a professional driver received a speeding ticket in the last 12 months, what is the probability they were heavy and tractor-trailer truck driver among professional drivers (SOC 53-3032; requires CDL; GVWR > 26000 lb)s?

Reply with a percentage (for example, 16% or 16 percent).",true,well_posed,0,0.012816,0.00348,0.16,0.1,,85.49,85%,false,,,false,85.49,,,,,,,,,,,,,,,,
professional_drivers_speeding__mc_numeric_probs,professional drivers speeding,well_posed,0,mc,true,mc_numeric_probs,"You are a statistical consultant. Your task is to estimate a conditional probability from the information below.

Among employed adults in the United States (BLS OES May 2023 occupational employment universe; ~161M employed), 1.3% are heavy and tractor-trailer truck driver among professional drivers (SOC 53-3032; requires CDL; GVWR > 26000 lb)s and 0.3% are bus driver among professional drivers (SOC 53-3051 school plus 53-3052 transit/intercity bus; excludes shuttle chauffeur and taxi)s.
Among heavy and tractor-trailer truck driver among professional drivers (SOC 53-3032; requires CDL; GVWR > 26000 lb)s, 16% received a speeding ticket in the last 12 months; among bus driver among professional drivers (SOC 53-3051 school plus 53-3052 transit/intercity bus; excludes shuttle chauffeur and taxi)s, 10% received a speeding ticket in the last 12 months.

Given that a professional driver received a speeding ticket in the last 12 months, what is the probability they were heavy and tractor-trailer truck driver among professional drivers (SOC 53-3032; requires CDL; GVWR > 26000 lb)s?

A. About 85%
B. About 0%
C. About 16%
D. About 10%
E. About 2%

Which answer is closest? Reply with only the letter (A, B, C, D, or E).",true,well_posed,0,0.012816,0.00348,0.16,0.1,A,85.49,85%,false,85.49,A,false,n/a,About 85%,About 0%,About 16%,About 10%,About 2%,Bayes P(C|T),P(D) confusion,P(T|C) confusion,P(T|D) confusion,P(T|C)*P(T|D) confusion,,,,,,
english_teacher_humanities__open_probs,english teacher humanities,well_posed,0,open,true,open_probs,"You are a statistical consultant. Your task is to estimate a conditional probability from the information below.

Among employed adults in the United States (~161 million; BLS occupational employment universe), 0.1% are main teaching assignment is English/language arts among public grades 9-12 teachers (NCES Table 209.50 2020-21)s and 0.1% are bachelor's degree major field is English and language arts among public grades 9-12 teachers (NCES Table 209.60 2020-21)s.
Among main teaching assignment is English/language arts among public grades 9-12 teachers (NCES Table 209.50 2020-21)s, 69% hold a master's degree or higher; among bachelor's degree major field is English and language arts among public grades 9-12 teachers (NCES Table 209.60 2020-21)s, 55% hold a master's degree or higher.

Given that a public grades 9-12 teacher holds a master's degree or higher, what is the probability they were main teaching assignment is English/language arts among public grades 9-12 teachers (NCES Table 209.50 2020-21)s?

Reply with a percentage (for example, 16% or 16 percent).",true,well_posed,0,0.0011248,0.0012996,0.69,0.55,,52.06,52%,false,,,false,52.06,,,,,,,,,,,,,,,,
english_teacher_humanities__mc_numeric_probs,english teacher humanities,well_posed,0,mc,true,mc_numeric_probs,"You are a statistical consultant. Your task is to estimate a conditional probability from the information below.

Among employed adults in the United States (~161 million; BLS occupational employment universe), 0.1% are main teaching assignment is English/language arts among public grades 9-12 teachers (NCES Table 209.50 2020-21)s and 0.1% are bachelor's degree major field is English and language arts among public grades 9-12 teachers (NCES Table 209.60 2020-21)s.
Among main teaching assignment is English/language arts among public grades 9-12 teachers (NCES Table 209.50 2020-21)s, 69% hold a master's degree or higher; among bachelor's degree major field is English and language arts among public grades 9-12 teachers (NCES Table 209.60 2020-21)s, 55% hold a master's degree or higher.

Given that a public grades 9-12 teacher holds a master's degree or higher, what is the probability they were main teaching assignment is English/language arts among public grades 9-12 teachers (NCES Table 209.50 2020-21)s?

A. About 52%
B. About 69%
C. About 55%
D. About 0%
E. About 38%

Which answer is closest? Reply with only the letter (A, B, C, D, or E).",true,well_posed,0,0.0011248,0.0012996,0.69,0.55,A,52.06,52%,false,52.06,A,false,n/a,About 52%,About 69%,About 55%,About 0%,About 38%,Bayes P(C|T),P(T|C) confusion,P(T|D) confusion,P(D) confusion,P(T|C)*P(T|D) confusion,,,,,,
